{
  "version": "2025.01",
  "last_updated": "2025-01-28",
  "source": "Israel Customs Authority - Customs Tariff",
  "note": "This is a sample file - replace with full tariff data",
  "chapters": [
    {"number": 1, "title_he": "בעלי חיים חיים", "title_en": "Live animals"},
    {"number": 8, "title_he": "פירות אכילים", "title_en": "Edible fruit"},
    {"number": 12, "title_he": "זרעים ופירות שמניים", "title_en": "Oil seeds"},
    {"number": 84, "title_he": "מכונות וציוד מכני", "title_en": "Machinery"},
    {"number": 85, "title_he": "מכשירים חשמליים", "title_en": "Electrical equipment"},
    {"number": 87, "title_he": "כלי רכב", "title_en": "Vehicles"}
  ],
  "items": {
    "0804.40.10.00/0": {
      "hs_code": "0804.40.10.00/0",
      "description_he": "אבוקדו טרי",
      "description_en": "Fresh avocados",
      "chapter": 8,
      "duty_rate": 7,
      "purchase_tax": 0,
      "vat": 17,
      "unit": "KG",
      "requirements": ["phytosanitary_certificate", "agriculture_approval"]
    },
    "1209.99.90.00/9": {
      "hs_code": "1209.99.90.00/9",
      "description_he": "זרעים אחרים לזריעה",
      "description_en": "Other seeds for sowing",
      "chapter": 12,
      "duty_rate": 0,
      "purchase_tax": 0,
      "vat": 17,
      "unit": "KG",
      "requirements": ["agriculture_export_license"]
    },
    "8424.90.00.00/5": {
      "hs_code": "8424.90.00.00/5",
      "description_he": "חלקים למכשירי ריסוס",
      "description_en": "Parts for spraying apparatus",
      "chapter": 84,
      "duty_rate": 5.5,
      "purchase_tax": 0,
      "vat": 17,
      "unit": "KG"
    },
    "8704.60.80.00/5": {
      "hs_code": "8704.60.80.00/5",
      "description_he": "רכב חשמלי למשא",
      "description_en": "Electric goods vehicles",
      "chapter": 87,
      "duty_rate": 0,
      "purchase_tax": 0,
      "vat": 17,
      "unit": "UNIT",
      "notes": ["Electric vehicle - duty exempt"]
    }
  }
}
