{
  "version": "2025.01",
  "last_updated": "2025-01-28",
  "source": "Israel Customs Authority",
  "discount_codes": {
    "2": {
      "code": "2",
      "name": "Israel-USA Free Trade Agreement",
      "name_he": "הסכם סחר חופשי ישראל-ארה\"ב",
      "year_signed": 1985,
      "countries": ["US", "USA"],
      "certificate_type": "Certificate of Origin"
    },
    "92": {
      "code": "92",
      "name": "Israel-EU Association Agreement",
      "name_he": "הסכם שיתוף ישראל-האיחוד האירופי",
      "year_signed": 1995,
      "countries": ["EU"],
      "certificate_type": "EUR.1"
    },
    "EFTA": {
      "code": "EFTA",
      "name": "Israel-EFTA FTA",
      "name_he": "הסכם ישראל-EFTA",
      "year_signed": 1992,
      "countries": ["CH", "NO", "IS", "LI"]
    },
    "MX": {
      "code": "MX",
      "name": "Israel-Mexico FTA",
      "name_he": "הסכם ישראל-מקסיקו",
      "year_signed": 2000,
      "countries": ["MX"]
    },
    "CA": {
      "code": "CA",
      "name": "Israel-Canada FTA",
      "name_he": "הסכם ישראל-קנדה",
      "year_signed": 1997,
      "countries": ["CA"]
    },
    "TR": {
      "code": "TR",
      "name": "Israel-Turkey FTA",
      "name_he": "הסכם ישראל-טורקיה",
      "year_signed": 1997,
      "countries": ["TR"]
    },
    "KR": {
      "code": "KR",
      "name": "Israel-South Korea FTA",
      "name_he": "הסכם ישראל-דרום קוריאה",
      "year_signed": 2021,
      "countries": ["KR"]
    },
    "AE": {
      "code": "AE",
      "name": "Israel-UAE FTA",
      "name_he": "הסכם ישראל-איחוד האמירויות",
      "year_signed": 2022,
      "countries": ["AE"]
    },
    "CO": {
      "code": "CO",
      "name": "Israel-Colombia FTA",
      "name_he": "הסכם ישראל-קולומביה",
      "year_signed": 2020,
      "countries": ["CO"]
    },
    "PA": {
      "code": "PA",
      "name": "Israel-Panama FTA",
      "name_he": "הסכם ישראל-פנמה",
      "year_signed": 2020,
      "countries": ["PA"]
    },
    "UA": {
      "code": "UA",
      "name": "Israel-Ukraine FTA",
      "name_he": "הסכם ישראל-אוקראינה",
      "year_signed": 2021,
      "countries": ["UA"]
    },
    "GT": {
      "code": "GT",
      "name": "Israel-Guatemala FTA",
      "name_he": "הסכם ישראל-גואטמלה",
      "year_signed": 2023,
      "countries": ["GT"]
    },
    "VN": {
      "code": "VN",
      "name": "Israel-Vietnam FTA",
      "name_he": "הסכם ישראל-וייטנאם",
      "year_signed": 2024,
      "countries": ["VN"]
    },
    "JO": {
      "code": "JO",
      "name": "Israel-Jordan FTA",
      "name_he": "הסכם ישראל-ירדן",
      "year_signed": 1995,
      "countries": ["JO"]
    },
    "EG": {
      "code": "EG",
      "name": "Israel-Egypt QIZ",
      "name_he": "אזורי תעשייה מוסמכים ישראל-מצרים",
      "year_signed": 2005,
      "countries": ["EG"]
    },
    "MERCOSUR": {
      "code": "MERCOSUR",
      "name": "Israel-Mercosur FTA",
      "name_he": "הסכם ישראל-מרקוסור",
      "year_signed": 2007,
      "countries": ["BR", "AR", "UY", "PY"]
    }
  },
  "exemption_groups": {
    "group_1": {
      "name_he": "קבוצה 1 - פטורים מיוחדים",
      "description": "טובין המיועדים למפורטים בתוספת לחוק המכס"
    },
    "group_2": {
      "name_he": "קבוצה 2 - פטורים לפי הסכמים",
      "description": "פטורים לפי הסכמים בינלאומיים"
    },
    "group_3": {
      "name_he": "קבוצה 3 - פטורים מותנים",
      "description": "פטורים מותנים בתנאים מסוימים"
    }
  }
}
